column,dtype,missing_count,missing_pct,unique_values
Promo2SinceWeek,float64,508031,49.944,24
Promo2SinceYear,float64,508031,49.944,7
PromoInterval,object,508031,49.944,3
CompetitionOpenSinceMonth,float64,323348,31.788,12
CompetitionOpenSinceYear,float64,323348,31.788,23
CompetitionDistance,float64,2642,0.26,654
Assortment,object,0,0.0,3
Customers,int64,0,0.0,4086
Date,datetime64[ns],0,0.0,942
DayOfWeek,int64,0,0.0,7
Open,int8,0,0.0,2
Promo,int8,0,0.0,2
Promo2,int64,0,0.0,2
Sales,int64,0,0.0,21734
SchoolHoliday,int8,0,0.0,2
StateHoliday,object,0,0.0,4
Store,int64,0,0.0,1115
StoreType,object,0,0.0,4
