feature,importance
numeric__day,0.09261398176291794
numeric__day_of_year,0.08386018237082067
numeric__sales_lag_1,0.06653495440729483
numeric__trend_days,0.06580547112462005
numeric__DayOfWeek,0.06009118541033435
numeric__sales_lag_14,0.0560790273556231
numeric__sales_lag_7,0.050972644376899696
numeric__sales_lag_28,0.04437689969604863
numeric__sales_trend_7_vs_28,0.042735562310030395
numeric__CompetitionDistance,0.03395136778115501
numeric__week_of_year,0.030303951367781155
numeric__sales_roll_mean_28,0.030030395136778115
numeric__Promo,0.02723404255319149
numeric__sales_roll_mean_7,0.02452887537993921
categorical__StoreType,0.023252279635258357
numeric__sales_roll_std_7,0.02303951367781155
numeric__sales_roll_mean_14,0.02291793313069909
numeric__day_of_week_sin,0.02282674772036474
numeric__day_of_week_cos,0.01884498480243161
numeric__sales_roll_std_28,0.016231003039513678
numeric__sales_roll_std_14,0.016109422492401215
numeric__promo_previous_week,0.013009118541033435
categorical__Store,0.011519756838905775
numeric__month_sin,0.010851063829787235
numeric__month_cos,0.009878419452887538
numeric__Promo2SinceYear,0.009848024316109422
numeric__month,0.009483282674772036
categorical__Assortment,0.008844984802431611
numeric__Promo2SinceWeek,0.008541033434650456
numeric__CompetitionOpenSinceMonth,0.006413373860182371
categorical__PromoInterval,0.006200607902735562
numeric__is_month_end,0.005592705167173253
numeric__SchoolHoliday,0.005167173252279635
numeric__promo_previous_day,0.004984802431610942
numeric__Promo2,0.004954407294832827
numeric__CompetitionOpenSinceYear,0.004863221884498481
numeric__competition_distance_log,0.004437689969604863
numeric__year,0.004316109422492402
numeric__is_any_holiday,0.0037082066869300913
numeric__competition_open_months,0.003586626139817629
numeric__promo2_active,0.0033738601823708205
numeric__is_state_holiday,0.0022188449848024316
numeric__is_weekend,0.0019452887537993921
categorical__competition_band,0.0019452887537993921
categorical__StateHoliday,0.000729483282674772
numeric__is_month_start,0.000547112462006079
numeric__competition_history_missing,0.0005167173252279636
numeric__competition_distance_missing,0.00015197568389057752
numeric__quarter,3.0395136778115502e-05
numeric__Open,0.0
