segment,value,promo_store_days,stores,mean_observational_lift,median_observational_lift,mean_promo_sales,mean_store_nonpromo_baseline
overall,all,376875,1115,0.4168361983236218,0.3576707909971979,8228.739730679934,5913.191117539885
store_type,a,204510,602,0.4606534814364251,0.3996658736885199,8304.548970710479,5810.468659739226
store_type,b,5938,17,0.18779422899144615,0.1213844457637826,11311.802795554058,9575.5600273073
store_type,c,50733,148,0.35520537013539366,0.29562981292904733,8042.788106360751,6032.158022348683
store_type,d,115694,348,0.37816258906962746,0.3229839651575672,8018.036561965184,5854.632119466954
assortment,a,198908,593,0.46297607756876646,0.3991147083038391,7933.925518330082,5542.523367335943
assortment,b,3132,9,0.06181241170564564,0.06100975201886194,9035.84067688378,8403.210526528857
assortment,c,174835,513,0.3707032352372501,0.3172673442029119,8549.688426230447,6290.289753788995
competition_band,close,94511,282,0.4062915692425614,0.34739173792317035,8084.150024864831,5935.475363270326
competition_band,far,63449,187,0.46896636891708254,0.40683127444446154,8246.35792526281,5682.670703190418
competition_band,medium,143782,426,0.39478760038663124,0.34038942637769853,7899.687360031158,5717.634145911933
competition_band,very_close,75133,220,0.4282714897890488,0.36663487921574633,9025.450481146767,6454.0687068340785
