Date,Store,event_type,Sales,sales_roll_mean_28,sales_deviation_pct,Promo,promo2_active,StateHoliday,SchoolHoliday,StoreType,Assortment,competition_band
2014-09-02,28,drop,0,4057.4285714285716,-1.0,1,0,none,1,a,a,close
2014-09-03,28,drop,0,3798.8214285714284,-1.0,1,0,none,1,a,a,close
2014-09-04,28,drop,0,3574.8214285714284,-1.0,1,0,none,0,a,a,close
2014-07-01,57,drop,0,8857.857142857143,-1.0,1,0,none,0,d,c,very_close
2014-07-12,102,drop,0,5940.964285714285,-1.0,0,0,none,0,a,a,very_close
2014-07-24,102,drop,0,3382.035714285714,-1.0,0,0,none,1,a,a,very_close
2014-09-11,227,drop,0,3870.8571428571427,-1.0,0,0,none,0,a,a,medium
2013-01-24,232,drop,0,243.65217391304347,-1.0,1,0,none,0,c,c,far
2014-07-24,238,drop,0,3786.535714285714,-1.0,0,0,none,1,a,a,very_close
2013-02-07,259,drop,0,4698.964285714285,-1.0,1,0,none,0,b,b,very_close
2014-07-24,303,drop,0,7284.964285714285,-1.0,0,0,none,1,a,a,far
2014-03-12,327,drop,0,5701.857142857143,-1.0,0,0,none,0,c,c,close
2013-01-30,339,drop,0,50.07142857142857,-1.0,0,0,none,0,a,c,medium
2013-03-16,353,drop,0,2100.6785714285716,-1.0,0,0,none,0,b,b,close
2014-09-22,357,drop,0,5419.25,-1.0,0,0,none,0,a,a,medium
2013-05-07,364,drop,0,1545.4642857142858,-1.0,0,0,none,0,a,c,far
2013-05-08,364,drop,0,1432.6785714285713,-1.0,0,0,none,0,a,c,far
2014-07-24,387,drop,0,4415.464285714285,-1.0,0,0,none,1,c,a,very_close
2013-08-28,391,drop,0,2740.535714285714,-1.0,1,1,none,1,a,a,very_close
2014-09-05,548,drop,0,3778.1785714285716,-1.0,1,0,none,1,d,c,medium
2014-01-24,623,drop,0,2968.8214285714284,-1.0,1,1,none,0,a,a,medium
2014-01-25,623,drop,0,2691.1428571428573,-1.0,0,1,none,0,a,a,medium
2014-04-04,661,drop,0,3039.0714285714284,-1.0,1,0,none,0,d,c,medium
2013-09-02,663,drop,0,2497.1785714285716,-1.0,0,0,none,1,a,c,medium
2013-06-28,665,drop,0,5360.285714285715,-1.0,0,0,none,0,a,a,very_close
2013-06-29,665,drop,0,4911.607142857143,-1.0,0,0,none,0,a,a,very_close
2013-05-10,681,drop,0,754.1071428571429,-1.0,0,0,none,0,a,c,close
2015-02-05,699,drop,0,3106.6071428571427,-1.0,1,0,none,0,a,a,very_close
2014-09-10,835,drop,0,3044.464285714286,-1.0,0,0,none,0,a,a,medium
2014-09-11,835,drop,0,2914.035714285714,-1.0,0,0,none,0,a,a,medium
2014-03-29,850,drop,0,3815.1428571428573,-1.0,0,0,none,0,d,a,close
2014-07-23,882,drop,0,3031.1071428571427,-1.0,0,0,none,1,a,a,very_close
2014-07-23,887,drop,0,3751.4285714285716,-1.0,0,1,none,0,d,a,far
2014-07-03,925,drop,0,3485.75,-1.0,1,1,none,0,c,a,very_close
2013-08-08,927,drop,0,3845.964285714286,-1.0,0,0,none,1,a,a,very_close
2013-04-25,948,drop,0,2688.1785714285716,-1.0,1,0,none,0,b,b,close
2015-05-15,971,drop,0,4846.785714285715,-1.0,0,0,none,1,c,a,close
2014-01-17,983,drop,0,8086.678571428572,-1.0,0,1,none,0,a,a,very_close
2014-01-18,983,drop,0,7395.357142857143,-1.0,0,1,none,0,a,a,very_close
2014-03-18,986,drop,0,3601.1071428571427,-1.0,1,0,none,0,a,a,close
2014-06-04,1017,drop,0,2977.285714285714,-1.0,1,0,none,0,c,a,very_close
2014-06-05,1017,drop,0,2686.8571428571427,-1.0,1,0,none,0,c,a,very_close
2013-07-09,1039,drop,0,3459.5714285714284,-1.0,0,0,none,0,a,c,very_close
2013-07-10,1039,drop,0,3257.6071428571427,-1.0,0,0,none,0,a,c,very_close
2014-04-29,1100,drop,0,3275.964285714286,-1.0,1,1,none,0,a,a,close
2014-04-30,1100,drop,0,3019.214285714286,-1.0,1,1,none,0,a,a,close
2014-11-22,652,drop,46,5505.928571428572,-0.9916453692772725,0,0,none,0,a,a,far
2013-06-03,1093,drop,133,6649.25,-0.9799977441064782,1,0,none,0,c,c,far
2015-01-31,898,drop,124,5850.392857142857,-0.9788048421656665,0,0,none,0,a,a,far
2013-03-10,863,drop,286,6476.714285714285,-0.9558418069126762,0,0,none,0,a,c,far
2013-01-19,137,drop,297,6220.277777777777,-0.9522529361854151,0,0,none,0,a,a,close
2014-04-20,310,drop,416,7504.0,-0.9445628997867804,0,0,none,0,a,c,medium
2013-06-27,348,drop,520,7797.25,-0.9333098207701434,0,0,none,0,a,a,far
2013-08-26,175,drop,316,4730.75,-0.9332029804999207,1,0,none,0,c,a,medium
2015-04-05,310,drop,649,8383.357142857143,-0.9225847129090801,0,0,none,0,a,c,medium
2013-03-31,524,drop,568,7203.857142857143,-0.9211533503876892,0,0,none,0,a,c,far
2014-04-20,524,drop,600,7211.964285714285,-0.9168049124718349,0,0,none,0,a,c,far
2013-03-31,310,drop,699,8278.17857142857,-0.9155611353429196,0,0,none,0,a,c,medium
2015-04-05,524,drop,669,7473.178571428572,-0.910479858924057,0,0,none,0,a,c,far
2015-02-21,644,drop,914,10141.67857142857,-0.9098768518877194,0,0,none,0,c,a,medium
2013-02-11,809,drop,902,7563.071428571428,-0.8807362843893731,0,0,none,0,a,a,far
2013-02-11,30,drop,612,4954.5,-0.8764759309718437,0,0,none,0,a,a,very_close
2013-03-31,863,drop,874,7066.178571428572,-0.876312211591434,0,0,none,0,a,c,far
2014-04-20,209,drop,663,5270.678571428572,-0.8742097452889639,0,1,none,0,a,c,far
2013-12-08,209,drop,680,5343.642857142857,-0.8727459865527797,0,0,none,0,a,c,far
2013-02-11,570,drop,586,4574.357142857143,-0.8718945675426679,0,0,none,0,a,a,very_close
2013-03-31,867,drop,538,4123.571428571428,-0.869530573358739,0,0,none,0,d,c,far
2015-04-05,433,drop,624,4761.035714285715,-0.8689360808347524,0,0,none,0,a,c,far
2015-03-15,433,drop,599,4529.214285714285,-0.8677474806415493,0,0,none,0,a,c,far
2013-03-10,122,drop,591,4464.928571428572,-0.8676350605512806,0,0,none,0,a,c,far
2015-05-14,524,drop,1028,7408.571428571428,-0.8612418048592364,0,0,public,0,a,c,far
2015-04-05,209,drop,731,5180.071428571428,-0.8588822547951628,0,1,none,0,a,c,far
2014-03-21,151,drop,775,5464.821428571428,-0.8581838381857988,1,0,none,0,d,c,medium
2014-01-14,25,drop,1410,9411.92857142857,-0.8501901082972216,0,0,none,0,c,a,very_close
2014-04-20,433,drop,747,4838.892857142857,-0.8456258441644708,0,0,none,0,a,c,far
2013-05-09,310,drop,1147,7366.285714285715,-0.8442905903343418,0,0,public,0,a,c,medium
2014-03-16,863,drop,1021,6509.821428571428,-0.8431600603483747,0,0,none,0,a,c,far
2015-04-05,863,drop,1149,7319.535714285715,-0.8430228302927099,0,0,none,0,a,c,far
2014-04-20,863,drop,1135,7210.5,-0.8425906663892934,0,0,none,0,a,c,far
2015-05-14,310,drop,1284,8152.571428571428,-0.842503679820565,0,0,public,0,a,c,medium
2015-05-24,310,drop,1356,8495.75,-0.8403907836271076,0,0,none,0,a,c,medium
2015-07-10,292,drop,1012,6307.464285714285,-0.8395551755573045,0,0,none,0,a,a,close
2013-03-10,209,drop,723,4416.071428571428,-0.8362798220784472,0,0,none,0,a,c,far
2013-04-01,310,drop,1356,8229.642857142857,-0.8352297877880485,0,0,easter,1,a,c,medium
2014-04-21,524,drop,1192,7186.0,-0.8341219037016421,0,0,easter,1,a,c,far
2015-04-06,310,drop,1404,8406.535714285714,-0.8329870891270823,0,0,easter,1,a,c,medium
2013-02-11,131,drop,811,4734.035714285715,-0.8286873929673414,0,0,none,0,c,a,close
2015-03-22,433,drop,787,4581.25,-0.8282128240109141,0,0,none,0,a,c,far
2013-02-11,1089,drop,1407,8177.428571428572,-0.827941022326264,0,0,none,0,d,a,medium
2015-01-04,310,drop,1486,8602.32142857143,-0.8272559317459989,0,0,none,0,a,c,medium
2014-02-27,445,drop,1203,6909.678571428572,-0.8258963875722977,0,0,none,0,a,a,very_close
2015-04-05,867,drop,738,4228.607142857143,-0.8254744470063597,0,0,none,0,d,c,far
2014-06-08,524,drop,1253,7150.214285714285,-0.8247604966884109,0,0,none,0,a,c,far
2013-05-20,524,drop,1183,6700.107142857143,-0.8234356593444667,0,0,public,0,a,c,far
2013-05-09,524,drop,1138,6426.285714285715,-0.8229148141561444,0,0,public,0,a,c,far
2013-09-01,877,drop,1050,5881.785714285715,-0.8214827858400632,0,0,none,0,a,c,far
2014-04-21,310,drop,1333,7460.392857142857,-0.8213230823731037,0,0,easter,1,a,c,medium
2013-02-11,886,drop,846,4731.535714285715,-0.8211997010937253,0,0,none,0,a,c,far
2014-04-06,524,drop,1226,6711.964285714285,-0.8173411019767473,0,0,none,0,a,c,far
2013-02-11,623,drop,992,5423.821428571428,-0.8171031231274734,0,0,none,0,a,a,medium
2013-03-19,861,spike,6464,1037.0,5.233365477338476,1,0,none,0,c,c,close
2013-02-05,517,spike,12432,1983.7142857142858,5.2670315425608525,1,0,none,0,a,c,far
2014-07-18,1021,spike,21197,3348.75,5.329824561403509,1,0,none,1,a,a,close
2015-03-31,674,spike,12882,2029.357142857143,5.347823026292633,1,0,none,1,a,a,medium
2015-03-23,644,spike,9785,1539.607142857143,5.355517409357675,0,0,none,0,c,a,medium
2014-03-21,376,spike,25271,3945.035714285714,5.40577217298413,1,0,none,0,a,a,very_close
2014-02-25,837,spike,6364,991.75,5.416939752961936,0,0,none,0,a,c,far
2013-09-28,663,spike,7447,1153.357142857143,5.456803121322846,0,0,none,0,a,c,medium
2014-08-05,972,spike,6548,1008.1785714285714,5.494881150589819,1,0,none,1,a,a,far
2014-01-27,962,spike,15385,2357.1428571428573,5.526969696969696,0,0,none,0,c,a,very_close
2014-01-27,623,spike,16425,2512.464285714286,5.53740635972082,0,1,none,0,a,a,medium
2013-05-03,105,spike,11473,1743.107142857143,5.581924723912554,1,0,none,0,a,c,medium
2014-03-31,850,spike,23723,3599.8214285714284,5.590049109578849,1,0,none,0,d,a,close
2014-08-02,972,spike,3332,499.75,5.667333666833417,0,0,none,0,a,a,far
2013-07-15,106,spike,32221,4814.071428571428,5.693087229401902,1,0,none,1,a,a,close
2013-01-31,404,spike,8535,1267.5357142857142,5.73353808007664,0,0,none,0,a,c,close
2013-07-11,1039,spike,20738,3057.714285714286,5.782190244814053,0,0,none,0,a,c,very_close
2013-10-02,897,spike,20167,2965.8928571428573,5.7996387500752595,0,0,none,0,c,c,medium
2014-06-06,1017,spike,16431,2384.6785714285716,5.890236779440175,1,0,none,0,c,a,very_close
2013-07-10,1081,spike,7941,1148.607142857143,5.913590995304872,0,0,none,1,b,a,very_close
2013-02-19,560,spike,22531,3237.785714285714,5.9587681175406475,1,0,none,0,c,c,close
2013-09-13,744,spike,10565,1510.7857142857142,5.993049973996501,1,0,none,0,a,a,close
2014-08-01,870,spike,20109,2798.535714285714,6.185543460227925,1,0,none,1,a,a,close
2013-01-30,404,spike,7806,1085.0,6.194470046082949,0,0,none,0,a,c,close
2013-06-11,700,spike,8162,1133.5714285714287,6.200252047889098,0,0,none,0,a,c,close
2013-03-30,676,spike,6336,859.5357142857143,6.371421448456392,0,0,none,0,b,b,close
2013-07-31,348,spike,17157,2323.035714285714,6.385594588361903,1,1,none,1,a,a,far
2013-05-14,364,spike,12645,1703.0,6.425132119788608,1,0,none,0,a,c,far
2015-02-06,699,spike,18798,2523.964285714286,6.4478074457698344,1,0,none,0,a,a,very_close
2013-01-18,512,spike,7014,926.7058823529412,6.568744445855021,0,0,none,0,b,b,close
2014-05-05,1100,spike,17444,2228.464285714286,6.8278122345625585,1,0,none,0,a,a,close
2014-07-01,264,spike,12767,1629.3214285714287,6.835777383222638,1,0,none,0,a,a,very_close
2013-09-18,996,spike,18465,2346.9285714285716,6.867729859695042,0,0,none,0,c,a,medium
2013-09-16,744,spike,14875,1858.2857142857142,7.00468942189422,0,0,none,0,a,a,close
2013-02-05,339,spike,10460,1300.6785714285713,7.041956121804553,1,0,none,0,a,c,medium
2013-03-31,676,spike,7925,978.0714285714286,7.102680201562842,0,0,none,0,b,b,close
2014-10-08,708,spike,11990,1441.0714285714287,7.320198265179677,1,1,none,0,c,c,far
2013-07-07,1081,spike,4070,488.7857142857143,7.326757270203128,0,0,none,0,b,a,very_close
2013-05-11,364,spike,9430,1122.7142857142858,7.399287441150273,0,0,none,0,a,c,far
2013-09-14,744,spike,13419,1596.7142857142858,7.404133488413706,0,0,none,0,a,a,close
2013-07-06,1081,spike,3160,375.92857142857144,7.405852175565267,0,0,none,0,b,a,very_close
2014-02-22,837,spike,4656,552.9285714285714,7.420617491280197,0,0,none,0,a,c,far
2013-02-25,969,spike,4103,483.42857142857144,7.487293144208037,0,0,none,0,a,c,close
2013-05-14,681,spike,10015,1177.5,7.505307855626327,1,0,none,0,a,c,close
2013-05-11,681,spike,5819,682.4285714285714,7.526899727862675,0,0,none,0,a,c,close
2013-05-02,105,spike,11413,1335.5,7.545862972669413,1,0,none,0,a,c,medium
2013-07-06,103,spike,5925,691.8928571428571,7.563464615702266,0,0,none,0,d,c,medium
2013-05-13,364,spike,11944,1394.0,7.568149210903874,1,0,none,0,a,c,far
2013-08-30,391,spike,19517,2260.75,7.632975782373107,1,1,none,1,a,a,very_close
2014-02-18,25,spike,19201,2176.785714285714,7.820803937653816,1,0,none,0,c,a,very_close
2013-04-11,764,spike,11152,1255.8214285714287,7.880243437704404,1,0,none,0,a,c,far
2013-04-25,708,spike,10204,1148.1785714285713,7.887119350524122,1,0,none,0,c,c,far
2013-07-09,1081,spike,7807,869.7857142857143,7.975774000164243,0,0,none,1,b,a,very_close
2013-04-15,349,spike,14578,1460.0714285714287,8.984443031162858,0,0,none,0,c,c,close
2013-09-27,663,spike,9341,930.2142857142857,9.04177224909775,1,0,none,0,a,c,medium
2013-04-01,676,spike,10440,1017.0357142857143,9.265126242230572,0,0,easter,1,b,b,close
2013-07-08,1081,spike,6598,634.1428571428571,9.404595629646318,0,0,none,1,b,a,very_close
2013-01-29,404,spike,8322,787.7857142857143,9.563786381358236,0,0,none,0,a,c,close
2013-02-04,339,spike,9999,943.5714285714286,9.596971990915973,1,0,none,0,a,c,medium
2014-02-24,837,spike,7631,719.2142857142857,9.610189691131195,0,0,none,0,a,c,far
2013-01-22,762,spike,11150,1041.142857142857,9.709385290889132,1,0,none,0,d,c,close
2013-06-08,700,spike,5920,549.6428571428571,9.77063027940221,0,0,none,0,a,c,close
2013-03-18,861,spike,8871,784.4642857142857,10.30835419986342,1,0,none,0,c,c,close
2013-07-19,100,spike,22609,1968.857142857143,10.483311565810478,1,0,none,0,d,a,far
2015-03-30,674,spike,16753,1431.0357142857142,10.706905587860941,1,0,none,1,a,a,medium
2013-07-30,348,spike,19989,1609.142857142857,11.422141335227273,1,1,none,0,a,a,far
2013-02-04,517,spike,17527,1357.75,11.908856564168662,1,0,none,0,a,c,far
2013-07-08,103,spike,11708,903.5,11.958494742667405,0,0,none,1,d,c,medium
2013-02-18,560,spike,29067,2199.6785714285716,12.214203373869559,1,0,none,0,c,c,close
2015-03-28,674,spike,13072,964.1785714285714,12.557654554209726,0,0,none,0,a,a,medium
2013-06-10,700,spike,10430,761.0714285714286,12.704364148287189,0,0,none,0,a,c,close
2013-02-02,517,spike,12876,897.8928571428571,13.340241040531403,0,0,none,0,a,c,far
2013-02-23,969,spike,4857,334.42857142857144,13.523280649295172,0,0,none,0,a,c,close
2013-05-13,681,spike,12272,819.9285714285714,13.967157417893544,1,0,none,0,a,c,close
2014-02-17,25,spike,21497,1409.0357142857142,14.25653309000583,1,0,none,0,c,a,very_close
2013-02-02,339,spike,9690,597.5,15.217573221757323,0,0,none,0,a,c,medium
2014-02-15,25,spike,14571,888.6428571428571,15.39691343139619,0,0,none,0,c,a,very_close
2013-09-26,663,spike,10684,647.5357142857143,15.499476035519276,1,0,none,0,a,c,medium
2014-10-07,708,spike,15375,891.9642857142857,16.237237237237238,1,1,none,0,c,c,far
2014-08-04,972,spike,10904,618.75,16.622626262626262,1,0,none,1,a,a,far
2014-06-28,264,spike,10817,609.7857142857143,16.739018390535314,0,0,none,0,a,a,very_close
2014-06-30,264,spike,17730,996.1071428571429,16.799290093578573,1,0,none,0,a,a,very_close
2013-04-13,349,spike,16210,881.1428571428571,17.39656290531777,0,0,none,0,c,c,close
2013-01-17,512,spike,8479,454.6875,17.647972508591064,0,0,none,0,b,b,close
2013-05-03,589,spike,13254,706.4642857142857,17.76103331479703,1,1,none,0,a,c,very_close
2013-03-29,676,spike,11559,601.0,18.232945091514143,1,0,easter,1,b,b,close
2013-04-30,105,spike,15269,790.1785714285714,18.3234802259887,1,0,none,0,a,c,medium
2015-03-21,644,spike,18130,924.75,18.60529872938632,0,0,none,0,c,a,medium
2013-04-24,708,spike,14663,728.25,19.13456917267422,1,0,none,0,c,c,far
2013-04-10,764,spike,17874,679.5357142857143,25.303253271666577,1,0,none,0,a,c,far
2013-02-16,560,spike,31448,1076.5357142857142,28.212221743024916,0,0,none,0,c,c,close
2013-01-21,762,spike,13847,400.85,33.544093800673565,1,0,none,0,d,c,close
2013-07-29,348,spike,25419,701.3214285714286,35.24443652289046,1,1,none,0,a,a,far
2013-09-25,663,spike,12269,295.39285714285717,40.53451819610687,1,0,none,0,a,c,medium
2013-01-28,404,spike,13831,304.7037037037037,44.39163729184393,0,0,none,0,a,c,close
2013-01-25,232,spike,12799,233.5,53.813704496788006,1,0,none,0,c,c,far
2013-02-22,969,spike,8679,71.17857142857143,120.93276467636728,1,0,none,0,a,c,close
2014-06-27,264,spike,17074,137.35714285714286,123.30369214768591,0,0,none,0,a,a,very_close
2015-03-20,644,spike,24979,177.5,139.72676056338028,1,0,none,0,c,a,medium
2013-02-01,517,spike,25141,104.14285714285714,240.4087791495199,0,0,none,0,a,c,far
