segment,value,observations,mae,rmse,rmspe
Assortment,a,24906,444.08172450618406,687.9689992381889,0.11358465415300684
Assortment,c,21546,521.9373022222477,825.8184597501418,0.11263511580197398
Assortment,b,378,549.4045471304296,734.8347763420185,0.07601268381484831
Promo,0,30105,396.2313008273999,672.8637633170455,0.11545656265246823
Promo,1,16725,632.8904126539911,883.5350445277396,0.10907041932009233
StateHoliday,none,46830,480.7524121940396,754.8832298730413,0.11285271790668666
StoreType,a,25284,479.55680405991546,797.5979187802993,0.11722629623626046
StoreType,c,6216,476.86650090623056,687.3727949123472,0.11215529896198485
StoreType,d,14616,476.22688237047635,694.2319184789695,0.10691935608856834
StoreType,b,714,649.5615501904194,931.882699161224,0.07902809574827567
competition_band,close,11844,482.7019607547387,844.2657526258826,0.12443142004389614
competition_band,very_close,9240,530.6355568252628,795.1044091104104,0.11421357294043298
competition_band,far,7854,478.2196875973613,772.816785713334,0.10821398888846868
competition_band,medium,17892,454.8124004254776,656.511318453095,0.10584598720621184
is_any_holiday,0,33481,443.8213422392874,736.970522758784,0.11806757622385074
is_any_holiday,1,13349,573.3802609583709,798.0436976727826,0.10145842505875576
