feature,mean_absolute_shap
numeric__sales_lag_14,0.1269914031429827
numeric__Promo,0.09224829907701679
numeric__sales_lag_1,0.06126625081410067
numeric__sales_roll_mean_28,0.05008567495277211
numeric__sales_lag_7,0.04996821707227467
numeric__sales_lag_28,0.04750482688745217
numeric__sales_roll_mean_14,0.031750509205233264
numeric__day,0.025065244257276343
numeric__sales_roll_mean_7,0.021402315411397244
numeric__DayOfWeek,0.020344513097695013
numeric__sales_roll_std_7,0.018889558308379
numeric__trend_days,0.01569120935679279
numeric__day_of_week_cos,0.010223118504201373
numeric__promo_previous_week,0.008490368163825791
numeric__sales_roll_std_14,0.006057354646620222
numeric__is_month_end,0.004771751231908366
categorical__StoreType,0.004257829952871017
numeric__sales_roll_std_28,0.0039235914656825955
numeric__promo2_active,0.0032537876094368354
numeric__day_of_week_sin,0.0028529135726830354
numeric__is_any_holiday,0.0028450643346224886
categorical__Assortment,0.0026588510407613533
numeric__day_of_year,0.0026227916043440667
numeric__CompetitionDistance,0.002224140634835339
numeric__sales_trend_7_vs_28,0.0020557895411411186
numeric__month_cos,0.0018466044838999906
numeric__SchoolHoliday,0.001551099334298249
numeric__week_of_year,0.001401277986930381
numeric__is_weekend,0.0012972085406628118
numeric__Promo2,0.0010974642212589405
numeric__Promo2SinceYear,0.0009333031690343574
numeric__month_sin,0.0008764991206806656
numeric__promo_previous_day,0.0007603229460828788
numeric__month,0.0005805649466912406
numeric__year,0.0005371170532621927
numeric__Promo2SinceWeek,0.0005109013288532784
numeric__competition_distance_log,0.0004182912357054745
categorical__Store,0.0003648019007396197
categorical__PromoInterval,0.00035609271132194326
numeric__CompetitionOpenSinceMonth,0.00032933638352658555
numeric__is_month_start,0.00026486504464126316
categorical__competition_band,0.00015306641120990008
numeric__CompetitionOpenSinceYear,0.000133938756493087
numeric__competition_open_months,8.995765566249197e-05
numeric__is_state_holiday,6.229476360440514e-05
numeric__competition_history_missing,3.6402779098949534e-05
numeric__quarter,3.200430729738907e-05
categorical__StateHoliday,7.88117429592961e-06
numeric__competition_distance_missing,2.3237619845911602e-06
numeric__Open,0.0
